QuoteText,Topic,Topic_Prob
"נכון שבחוק נקבע שוועדת המדע תקבל ויוגש לפניה הדוח, אבל אני אומר לכם שאנחנו רואים חשיבות גדולה גם בלי חובת החוק, בגלל החשיבות והאחריות שיש למועצה להסדרת מחקרים במחוללי מחלות ביולוגיים. אמנם כתוב שגדול המצווה ועושה מי שלא מצווה ועושה. דבר שלא מצווה יותר קל לעשות מאשר מצווים. כשמצווים יש כבר מחלוקת, כשמצווים עליך, אבל במקרה הזה קל לנו, יש לנו רצון ואנחנו שמחים לשמוע דוח בדבר החשוב מאוד הזה ובאחריות הגדולה שיש עליכם, שחלה על המועצה לביטחון ובטיחות ביולוגית במדינת ישראל. ",התנחלויות,0.5186373
"תראו, בעצם מה שמאחד את הדיונים, זה הדבר שהוא החשוב ביותר - תמיד אומרים העיקר הבריאות וזה נכון. אז בחרתי לעסוק בנושא הזה. האמת אדוני, השר ואדוני המנכ""ל, זו לא הפעם הראשונה בתקופה יחסית קצרה, שנושא הבריאות עולה כאן, כי הוא באמת הדבר החשוב ביותר, ואני רוצה לציין את כבוד השר, שזו לו הפעם השנייה, בתקופת זמן נורא נורא קצרה, ובאמת תודה על השתתפותך. הפעם השר להגיע על אף שהוועדה אפילו לא רצתה להטריח אותו ואנחנו מאד מעריכים את העניין הזה. ",התנחלויות,0.8654305
"אבל בסוף יש כבוד הכנסת. זה לא הכבוד האישי שלי, זה לא הכבוד של מאן דהו, זה כבודה של הכנסת ודרך פעילותה ועבודתה. ובכל פעם אנחנו מוצאים את עצמנו מכרסמים עוד ועוד, ואחר כך מצטערים גם על זה, אבל דואגים להרוס עוד יותר.",התנחלויות,0.54038036
"בשלושה נושאים אנחנו מבקשים לדון בחלק הראשון של הישיבה. הנושא הראשון קודם כל אנחנו מצווים ועושים. לפי החוק אנחנו אמורים לקבל את הדוח השנתי של האקדמיה הלאומית שלנו. כתוב שגדול המצוּוה ועושה מי שאינו מצווה ועושה. מי שמצווה השכר שלו יותר גדול, בגלל שתמיד יש סיבות למה לא, מי שלא מצווה אז עושה. אני רק רוצה להגיד לכם שאנחנו נקבל על זה שכר נמוך, בגלל שגם אם לא היה ציווי וגם אם לא היינו מחויבים לפי החוק אנחנו היינו מתכבדים והיינו גם מקיימים את הישיבה הזאת, לשמוע מתוך הערכה גדולה והחשיבות הגדולה והצורך והתועלת שאנחנו רואים בפעילות של האקדמיה הלאומית למדעים. אנחנו יודעים שהכותרת של החשיבות שלנו זה באמת לאגד את טובי אנשי המדע בישראל, במיוחד לטפח פעילות מדעית ולקדם אותה, לכן אנחנו רואים באמת זכות לשבת לדון על זה, גם אם לא היינו צריכים על פי חוק לשבת ולקבל את הדוח. ",התנחלויות,0.6335908
"נכון, פורסמו על זה מחקרים. ותמיד היה ויכוח, האם קליקה סגורה היא טובה יותר? אנשים שכולם נראים אותו דבר, חושבים אותו דבר, באים מאותו בית-מדרש, אז לכאורה הם מגובשים, לבין הערך המוסף שיש בגיוון. ויותר ויותר חברות גדולות ובין-לאומיות מבינות שיש ערך מוסף אמיתי לגיוון, זאת אומרת לזה שאתה נמצא עם אנשים שהם לא זהים לך, למשל בחדשנות, ביצירתיות, ביכולת לא להיות תפוס בפרדיגמות וכו'. ויותר ויותר גם בעולם העסקי מדברים על גיוון כערך.",התנחלויות,0.9767171
"תראו, מספר שבועות שאני באמת עוברת על החומרים, בודקת אותם, נשלפים אלי מדי יום צילומים, סרטונים וידיעות מהשטח שמבהירות שהמצב מאוד בעייתי. יותר מזה, הוא חמור. אם אנחנו מדברים שבמדינת ישראל יש מלחמה בתאונות הדרכים, ככה לפחות מדובר, אז איך המלחמה הזאת באה לידי ביטוי כשמדובר בחיילים שצריכים להיכנס ולצאת מבסיסי צה""ל? ",התנחלויות,0.54293305
"אני מתנצל, אני הולך לרביזיה. חבל שהדיון הזה מגיע לחמש דקות. אני חושב שזה לא הגיוני. אם אתה רוצה, תקיים אותו אבל לא יכול להיות שבחמש דקות נסיים את הדיון.",התנחלויות,0.59911716
"מדוע ההצעה הזאת טובה, כי היא לטובת הציבור. מדוע ההצעה הזאת רעה, משום שהיא לוקחת תעשייה שלמה כמו קרנות הנאמנות ומנהלי התיקים והיא תחסל אותם, היא תגרום לריכוזיות, היא תגרום לכך שנפחי המסחר בבורסה ירדו. הוועדה, חברי הוועדה כאן, הכנסת, ישבו אתנו, איך דואגים לייבוש הבורסה, זאת הצעה שתייבש את הבורסה אם לא יעשו את השינוי הקטן שאנחנו מבקשים.",התנחלויות,0.72766167
"שלום לכולם. חברים יקרים, ברוכים הבאים כולם. היום אנחנו רוצים כאן בכנסת ישראל לציין יום מיוחד לרגל 85 שנים לאצ""ל. עבורי ועבור חברי דוד ביטן, אין בכלל שאלה שזה אירוע מיוחד. אנחנו יודעים היטב כיצד נראה והתהווה הרעיון של האצ""ל, על ברכי בית""ר, ואנחנו כאן כדי באמת לעורר דיון בנושא הזה, להזכיר ולדבר. ",התנחלויות,0.6217248
"הדיון מתקיים בעקבות פניות שהגיעו לוועדה ממאבטחים שהתלוננו על תנאי השמירה הפיזיים שלהם. מהפניות שהגיעו לוועדה עולה כי בעמדות השמירה אין תמיד אפילו שקע חשמלי, חם בקיץ וקר בחורף, חלונות ודלתות שבורים ולא נסגרים ולפעמים גם את המדים של העובדים קשה ללבוש בקיץ. חברת הכנסת יוליה מלינובסקי פנתה בקשר למאבטחים שמועסקים בעמדות השמירה בבית החולים סורוקה. המאבטחים התלוננו שאין להם חדר מנוחה, אין להם אפילו מקרר קטן לשים את האוכל שמביאים מהבית. אם אני זוכר טוב, אז סורוקה נמצאת ליד איפה שאברהם אבינו שכן בבאר שבע וחם מאוד. בעמדות השמירה בקיץ יש כיסא ושמשייה בלבד, בחורף המאבטחים חשופים לגשם ולקור.",התנחלויות,0.9455892
"אני מתכבד לפתוח את ישיבת ועדת הפנים והגנת הסביבה בנושא תקנות המקרקעין (חיזוק בתים משותפים מפני רעידות אדמה) (שכרו של שמאי פינוי ובינוי), התשע""ה-2015, פרוטוקול מספר 230.",התנחלויות,0.5071702
"ההפטרה השבת בבית הכנסת, אני כל פעם מדברת על ההפטרה שקראתי בבית הכנסת, אם זה היה לפני שבועיים כשדיברתי במשרד המשפטים, אבל גם ההפטרה השבת בבית הכנסת מדברת על יפתח. לפני שבועיים דיברנו על רחב, אבל השבת דיברנו על יפתח. אני לא אספר פה את כל הסיפור, אבל מספר המקרא שהוא הבן של הזונה. אותו ילד דחוי שהחברה דוחה אותו והאחים שלו רבים איתו ולא רוצים לתת לו ירושה ואותו אחד, כשמגיע הרגע שבו צריך אותו והחברה זקוקה לו לסיוע צבאי ומזהים את הפוטנציאל האדיר שבו, הבן של הזונה הוא זה שמסייע. התנאי שהוא מבקש זה 'אל תשליכו אותי אחר כך', ורק אחרי שהם נשבעים, כי הוא יודע מה הגורל שצפוי לו, רק אחרי שהעם מבטיח וזקני העם מבטיחים לו, הוא עומד בראש הפעילות הצבאית.",התנחלויות,0.6979481
"היום נתמקד ביישום דו""ח שטאובר לקידום נשים בשירות המדינה ולכבוד הדיון הזה, אנחנו התכבדנו בהשתתפות של נציב שירות המדינה, עו""ד משה דיין והצוות שעוקב אחרי היישום של הדו""ח הזה. אנחנו מדברים על הדו""ח שהפיקה הוועדה בו התייחסה לנושא קידום נשים וייצוג נשים גם בשירות המדינה, לאור כל הדיונים שמתקיימים והתקיימו בוועדה הזו, שעסקו בכל הנושא של קידום נשים בשירות המדינה וייצוג נשים בתוך שירות המדינה. ",התנחלויות,0.62785226
"אז אני רוצה לפתוח את הדיון, משום שהוא הוזמן כדיון חירום בעקבות המקרה האחרון ביום שישי של שכחת ילדה בביתר עילית, עם שמות הילדים, שנשכחו למוות ברכב. לנו זה תמיד בקונוטציה של החום ושל הכוויות, אבל מסתבר שהילדים האלה עוברים מוות אכזרי מאד ואני מקווה שביחד, בכוחות משותפים, נצליח אולי למנוע את האסון הבא. ",התנחלויות,0.6972575
"התחלת הישיבה בדיוק מסמלת את המצב. את הפאניקה שלנו עכשיו בתחילת הישיבה – אני חושבת שהיא רק חלק קטן מהפאניקה והפחד והאיום שמרגישות הנשים בלוד וגם במקומות אחרים, לצערי הרב, בגלל איומי הרצח ובגלל האלימות הנפשעת שהן מתמודדות אתה יום יום. בלילה בין ה-23 וה-24 לספטמבר נרצחה דועאא אבו שרך מול ארבעת ילדיה. היום אני קודם כל מצדיעה למשפחה שנמצאת אתנו – אמא של דועאא ואחיותיה, וציבור הנשים האמיצות שמאז שהיא נרצחה יוצאות ומפגינות כמעט בכל יום בלוד, לא רק למען דועאא, לא רק כדי להביע את הצעקה של נשים שמרגישות שחייהן מאוימים והן עלולות להירצח בכל רגע, אלא גם כן ההרגשה שלי, כשהשתתפתי בהפגנה ביום שישי שהצעקה של הנשים הייתה צעקה של כלל החברה, הייתה צעקה כדי להבטיח חיים קצת נאותים בתוך החברה שלנו. ",התנחלויות,0.8547226
"בוקר טוב, אני מתכבד לפתוח ישיבת ועדת החינוך, התרבות והספורט של הכנסת. 27.11.2016, כ""ו בחשוון תשע""ז. הנושא על סדר היום הוא הסעה לתלמידות דתיות במועצה המקומית גבעת זאב הלומדות מחוץ ליישוב. ",התנחלויות,0.5209883
"בוקר טוב לכולם. אני יודע שיש אנשים בדרך, אז אנחנו נתחיל והם יצטרפו אלינו. תודה לכל האנשים שהגיעו. הנושא בו נדון היום הוא קליטת עולים חדשים ביהודה ושומרון. אנחנו קבענו את הנושא לאחר הסיור שערכה הוועדה במסגרת הוועדה, וגם עשיתי לא במסגרת הוועדה סיור ביהודה ושומרון ונחשפתי לקליטת העלייה. כמי שמעריך את קליטת העלייה כמאוד מוצלחת ביהודה ושומרון.",התנחלויות,0.6437997
"רק כדי לסבר לכם את האוזן עד כמה הנושא הזה נמצא בליבת האכפתיות של הציבור, כשהעלית את העניין הזה וצולמתי – בוקר טוב אוסאמה, הזכרתי אותך כבר ואדוני מוזמן. מה שאני מנסה בעצם לומר כדי לסבר לכם את האוזן, יש את תכנית ""הצינור"" בערוץ 10 כפי שכולכם מכירים. הנושא הזה הועלה שם וגם התראיינתי. היו 2 מיליון ציפיות בקטע הזה, 40,000 שיתופים. ומי שסביב השולחן הזה ומי שצופה בנו ומבין את המשמעות של דבר כזה – חבר הכנת פרי – זה מטורף. זה דבר שהוא מאד - - -",התנחלויות,0.71771574
"שלום לכולם, אני מתכבד לפתוח את הוועדה לצדק חלוקתי ושוויון חברתי. הנושא שיש לנו היום על סדר היום:  השוואת ההטבות הניתנות ליישובי הפריפריה הגיאוגרפית גם ליישובי הפריפריה החברתית. זו בעצם החלטת ממשלה שהתקבלה ביום 15 במאי 2016, בתמיכתו ובעידודו ובדחיפתו של שר הפנים המכהן, שהוא גם שר הפריפריה, השר אריה דרעי. ",התנחלויות,0.58308035
"לא אחת אנחנו דנים כאן בוועדה על איכות המזון המגיע לבתי-הספר, על כל מיני קיוסקים, פעם קראו לזה ""גזלנים"", אלה שבאים עם הרכב בצמוד לגדר ומוכרים לנו סנדוויץ' עם הפיח של המכונית ועם השמן שלא נגמר אף פעם, כמו נס פך השמן של חנוכה, רק הולך ומוסיף. אז סוף-סוף הנה מביאים אלינו לוועדה לאשר את תקנות הפיקוח על איכות המזון ולתזונה נכונה במוסדות החינוך, התשע""ו-2016. ",התנחלויות,0.7093752
"אבל לפני כן אנחנו מתכבדים לארח קבוצת תלמידים, קבוצה מפרלמנט הנוער המדעי הירושלמי של מוזיאון המדע על-שם - - - זו קבוצה נכבדת מאוד, למוזיאון המדע יש ודאי פינה חמה בלב ועדת המדע והטכנולוגיה, וחלק מהוועדה הזו היא גם משותפת לוועדת המדע. יש לנו קשר גם בגלל השם המשותף לנו ולהם וגם בגלל שאנחנו נמצאים בקרבת מקום, יש קשר עין בין הכנסת ל מוזיאון המדע, או כמעט קשר עין. אנחנו קרובים אחד לשני, קרובים פיזית, קרובים בלב, ואנחנו מאוד מעריכים ומוקירים את הפעילות שנעשית שם. לא מזמן, לפני כחודש, סיירנו סיור שני של הוועדה על פרויקט המים ועוד. ואני מבין שהחל מהשנה הוקדש הפרלמנט לנושא הפרטיות בעניין הטכנולוגיה. זה נושא מאוד חשוב שאנחנו דנים בו, והשבוע יש דיונים, יום מיוחד מחר, ועדת המדע מקדישה דיון מיוחד בנושא דווקא אצל בני נוער, ואני מזמין את חנה ברנשטיין שתציג את העבודה בנושא המאגר.",התנחלויות,0.53201604
"תראו, האמת, בטח במשרד הבריאות תוהים ותמהים מה קרה לוועדה לענייני ביקורת המדינה שמתעסקת כל כך הרבה בנושא של בריאות הנפש. אז אני אומר שמדובר באמת בנושא סופר חשוב, הוא מגיע מכמה כיוונים, ואני מקווה שעוד לא הוציאו עליי כרוז שם, אבל אני כן אומרת שמפאת חשיבותו של הנושא ומפאת רצינותו של משרד הבריאות בדיונים, אנחנו חושבים שכן יש מקום לקיים את הדיון וגם לשמוע תשובות. תשובות שאולי יפתיעו אותי. אולי נסתפק בהן, אבל אם לא, כמובן שיידרשו - - -",התנחלויות,0.8108889
"בוקר טוב. באנו לראות את השערים. אני הבנתי שמטרת המפגש הזה שאנחנו מתייחסים לשני נושאים, האחד זה נושא השילוט האלקטרוני בשבת והנושא השני זה הבידוק בכניסות. ",התנחלויות,0.50163466
"נתחיל, תיכף תצטרף אלינו ארבל, היועצת המשפטית של הוועדה. אזכיר קצת את השתלשלות הדברים. היה חשש להדלפה חמורה מוועדת החוץ והביטחון. אני לא רוצה להיכנס לפרטים הספציפיים של מה שהיה אז, אבל מה שכן ראינו אז בעקבות האירוע, שהכנסת, לתפיסתי לפחות הסובייקטיבית, לא יודעת לטפל בהימצאות חומרים סודיים ביותר אצל חברי הכנסת. ואת זה התחלנו להציף, ועשינו פה דיון אחד או שניים, אני כבר לא זוכר כמה היו.",התנחלויות,0.5451759
"אז עד פה הפתיחה שלי. עכשיו אנחנו רוצים לקבל עדויות של ההורים, כי זה חשוב ביותר, על מנת שאנחנו נספר לכולם, ולכן הוועדה הזו גם משודרת, כדי שכולם יידעו שהסיפורים שלנו הם לא סיפורים הזויים. מאחורי כל סיפור יש משפחה כואבת ורגישה ויש משפחות שהחיים גם נהרסו לגמרי, אם זה בתוך בני המשפחה, אם זה בתוך התא המשפחתי, שהילדים שילמו את המחיר, ואלה הדברים החשובים ביותר. ",התנחלויות,0.89437807
"הדברים האלה צריכים לבוא לידי ביטוי היום. לדעת מה עלה בגורל הילדים האלה, האם הם נמצאים כמאומצים, האם הם רשומים בספרי האימוץ? ככל שהמודעות עולה, בכל דיון מתווספות עוד משפחות שאומרות לא התלוננו, לא ידענו בכלל שיש אפשרות כזאת לבוא ולהתלונן. עכשיו אנחנו מבינים שאנחנו חלק מהמשפחות עם הילדים האבודים והעלומים ואנחנו רוצים לספר את הסיפור שלנו. כל מקום שאני מגיעה, תמיד יש סיפור חדש. זה לא ייאמן. ",התנחלויות,0.6189496
"תודה רבה לך גברתי היושבת-ראש. כמי שמתעסקת בנושא של ילדים בסיכון, ילדים שקשה להם להתקיים בצורה נורמטיבית, בין השאר אני מטפלת גם בעניין של משפחות חד הוריות. אנחנו עדים לכרסום הולך וגדל בכל מה שקשור לזכויות הילדים. כאשר אנחנו מדברים על מזונות, הרבה פעמים יש תחושה בציבור שמדובר על מזונות אישה. צריך להזכיר שמדובר במזונות ילדים. זה של הילדים. זה אמור לאפשר להם את הקיום המינימאלי. האחריות לא נגמרת כאשר הזוגיות מתפרקת.  ",התנחלויות,0.92341703
"בוקר טוב לכולם. אני מתכבד לפתוח את ישיבת ועדת הפנים והגנת הסביבה. נדון בישיבה הזאת בשני נושאים: פיתוח אתר הטבילה בבקעת הירדן והטלת חובת תשלום ארנונה והחלת הדין הישראלי על מעבר הגבול גשר ""אלנבי"". ",התנחלויות,0.51540613
"האמת היא שבהצעת החוק המקורית היתה גם תוספת שאמרה שנכון שהמשפט העברי כבר 3,500 שנה, ומדובר במשפט העברי על שור שנגח פרה. מי שיורד לעומק העקרונות מבין שיש פה – לא צריך דווקא לדבר על שור שנגח פרה אלא על דברים אחרים שהיום רלוונטיים. במלים פשוטות, צריך להקים מערכת שתנגיש את המשפט העברי לימינו. לכן רצינו בחלק השני להקים מכון שיהיה משותף למשרד המשפטים וללשכת עורכי הדין, ושישבו שם מומחים שינגישו את המשפט העברי לימים שלנו, ושופטים שירצו, יוכלו, ויהיה להם יותר קל, לחפש נושאים או לחפש נושאים שהם מתלבטים בהם, יהיה להם הרבה יותר קל.",התנחלויות,0.5547528
"כשאנחנו מדברים על משבר אקלים בישראל, המופע הכי בולט שלו הוא אפילו לא זה. אפשר לראות את המופע הכי בולט שלו באזור התחנה המרכזית הישנה בתל-אביב, שם רואים את אלפי האריתראים והסודאנים, אנשים שהגיעו אלינו מאזורי מזרח אפריקה, בה, בעבר, הייתה בצורת אחת לעשר שנים, והיום הבצורת היא אחת לשנתיים. כשאנחנו מדברים על בצורת, אנחנו אומרים לעצמנו: ברוכות וברוכים הבאים למאה ה-21, מאה שבה בגלל משבר האקלים בצורות תהיינה הרבה יותר שכיחות, וההתמודדות אתן תהיה חלק מהשגרה שלנו.",התנחלויות,0.6087173
"והדבר שהוא באמת, אני חושבת, מצאתי בעייתי יותר, שזה בניגוד להוראות נציבות שירות המדינה לעניין הזה. וזה מצב שדורש הסדרה ופיקוח. ואני חושבת בדיון היום לשמוע ממשרד הביטחון ומנציגות שירות המדינה, שאני מקווה שיש כאן נציגים – נציבות שירות המדינה?",התנחלויות,0.54925174
"שלום. היה לנו דיון קודם שהתארך. ידענו שהנושא בעניין יישום תכניות הממשלה יתארך, אז רצינו להתמקד בעניין המשטרה ובטחון פנים בנפרד. ולכן הנושא הוא מאוד חשוב לנו לשמוע, בעיקר העניין של פיילוט מצלמות הגוף, ההשפעה. איך אתם רואים את זה.",התנחלויות,0.5719411
"אני אתחיל בנקודה שאת התייחסת אליה. הנתון המטריד שמדבר על כך שמתוך כ-40,000 עמותות, אנחנו מדברים על כ-50% מהעמותות, אלה עמותות שאין פעילות דיווח לגביהן. הנתון הזה בשלב ראשון, עוד לפני שאנחנו מגיעים לפעולה מסוימת, צריך להיות ממופה ומנותח והדבר הזה יכול להיעשות ואני מבין שכבר החלה פעולה בעניין מול רשות המיסים, לצורך מיפוי הפער הזה ואיתור אותן עמותות שהן לא מדווחות והן פעילות. זו הנקודה המטרידה מבחינתנו.",התנחלויות,0.7279416
"אני ברשותכם רוצה לפתוח אבל לפני כן גם עוד מספר הערות. ראשית חשוב לי שיצא מהדיון בצורה מאוד מאוד ברורה, מרבית מוסדות החינוך בין אם זה מעונות יום ובין אם זה גנים, וגם במקומות של החוסים, אם אנחנו מתייחסים רגע להצעת החוק שלי, אני מתייחסת גם למוסדות של חוסים וגם למוסדות של קשישים, רובם עושים עבודת קודש. אנחנו לא מטילים ספק באף איש חינוך באשר הוא איש חינוך. אני באה מהמערכת הזאת, היא יקרה לליבי ואני אומרת את זה במלוא הרצינות. אבל גם יש עשבים שוטים, וגם קורים דברים לפעמים, ודברים לא טובים שקורים במערכת משפיעים לא רק על הילדים שנפגעים, אלא גם מאפילים על כל אותם אחרים שכן עושים עבודת קודש ופתאום כולם הופכים בבחינת חשודים. לכן אני חושבת שהמהלכים שאנחנו נעשה יוכלו להסיר את העננה מעל עובדי ההוראה שבאמת עושים עבודת קודש. ",התנחלויות,0.52235687
"כמובן, העובדים הם הנושא, אחרת בשביל מה היינו מביאים את הדיון הזה? הנושא הוא העובדים, מה השאלה? אין לנו משהו אחר. אמוניה אנחנו לא צורכים, לאף אחד מאתנו אין מפעל שמשתמש בזה. ",התנחלויות,0.9188293
"הדוח שכותרתו: ""עיגון חוקתי לחזון המדינה"" הופץ באתר הוועדה. מי מבין חברי הכנסת שמעוניין לקבל עותק קשיח שלו, יוכל לקבל אותו מצוות הוועדה באדיבותה של פרופ' גביזון.",התנחלויות,0.6829513
"עשיתי כמה ישיבות בנושא. עשיתי ארבע ישיבות ועשיתי ארבע פגישות עבודה. לדעתי הקדשתי לנושא הזה עשרות שעות כמעט עם כול הגורמים, חלקם פרטני, חלקם יותר מורחב. בסופו של דבר ביקשתי דבר אחד – לא נכנסתי לתוכן של החוק, שמתי בצד, אחרי זה דנו עליו, כן נכון, לא נכון, שינוי כזה או אחר – לי הייתה התניה אחת בכל הסיפור הזה, שהעובדים עוברים עם שכרם, אף עובד לא נפגע לא בשכר ולא במעמד, בתפקיד. בגלל שסברתי שאם מישהו רוצה שם למעלה לעשות איחודים, למטה לא משלמים את המחיר, שאלה למעלה ישלמו את המחיר. עכשיו יש דור א', יש דור ב', כבר עשינו כמה איחודים בחיים שלנו, זו לא פעם ראשונה, ולכן, זאת הייתה ההתניה שלי. ",התנחלויות,0.8781885
"אני מדבר בכנסת. יש לזה חשיבות. אנחנו צוחקים על זה, אבל יש לזה חשיבות. בסופו של דבר, למרות שעושים לקואליציה ולנו, וגם לי לפעמים, חיים קשים, זה התפקיד שלה. שלי, אני בטוח שתעשי זה על הצד הטוב ביותר. לשמחתנו, כי זה מחזק אותנו כדמוקרטיה. נכון שאני אצטרך להתמודד אולי עם כל מיני דברים, אבל זה לשמחתנו בסופו של דבר. אנחנו לא נישא פה נאומים גדולים, זה יעבור לוועדה שם. נשאר רק לי לאחל המון הצלחה. אתה רוצה להגיד משהו? ",התנחלויות,0.7198715
"יכול היה להיות מצב שעבור לידת פג המדינה משלמת והכסף היה הולך ליחסי ציבור של בית החולים, לתשלום חשמל, למחלקה אחרת שנמצאת במצוקה. לא יכולנו לנתב את הכספים כדי להציל את הילדים האלה.",התנחלויות,0.6448047
"ישנם צעירים יוצאי הפריפריה החברתית מישובים בשכונות במצב סוציו אקונומי נמוך, והם לא מגיעים לצערי הרב מספיק לשערי האקדמיה. 81% מהישובים החזקים לעומת 22% מהישובים החלשים. פער של כמעט פי 4 בין ישוב חזק לבין ישוב מוחלש מבחינת היכולת שלו לשלוח ילדים באקדמיה. פחות מהם לומדים באוניברסיטאות, 50% מהסטודנטים באשכולות 9-10 לעומת 37% מאשכולות 3-4. יותר מכך, הפערים בתחומי הלימוד הם שרק 8.4% מהסטודנטים באשכולות 1, 2 לומדים הנדסה ואדריכלות, לעומת 20.1% מקרב הצעירים באשכולות 9-10.",התנחלויות,0.5441056
"אני אומר מספר מילים ולאחר מכן ניתן לענת, ואנחנו גם נשחרר אותה להמשך כי היא תרוץ מוועדה לוועדה ללוות את היום החשוב הזה. ",התנחלויות,0.66906095
"הנסיבות שהובילו למשבר בתחום לוויני התקשורת, בנובמבר 15' פסק הקשר עם לוויין התקשורת עמוס 5. בספטמבר 16' אבד לוויין התקשורת עמוס 6 ערב שיגורו לחלל - - -",התנחלויות,0.50390327
"הוועדה יזמה את הדיון הזה לאור זאת שאנחנו במסגרת הדיונים שלנו בוועדה הזו שומעים דברים רבים ואנחנו נחשפים, ביכולות ובחדשנות הטכנולוגית, במגוון הנושאים אנחנו רואים שהמדינה מצליחה להגיע להישגים גדולים מאוד שתורמים רבות. התרומה היא רבה, למגוון הנושאים שיש במדינה, ודאי בנושא הביטחוני, אבל גם בנושא שתורם מאוד לכלכלה, ליוקרה שלה, למעמד של המדינה בתחום הטכנולוגיה, אנחנו רואים פיתוחים רבים, מחקרים רבים, בחקלאות, ברפואה, יש ודאי עוד תחומים, בתעשייה אנחנו רואים את זה. גם גורמים פרטיים וגם גופים כלכליים ופרטיים מקימים מו""פים, מרכזי פיתוח ומחקר. בחקלאות אנחנו יודעים שמקימים מרכזי פיתוח ומחקר, ביקרנו בהם, ראינו את התועלות הרבות שיש במחקר ופיתוח. ",התנחלויות,0.73307085
"הייתי עכשיו בהרצאה בתל אביב והתברר שצדקתי. לא הייתי בטוח שאני צודק. זאת אומרת, אנחנו צריכים לחיות בעולם החדש אבל הממשלה בישראל יכולה להוביל למצב כזה בו נישאר עוד טרום העולם הישן והנה הדוגמה.",התנחלויות,0.7693873
"בא תומר אביטל והמשמר החברתי, אני לא יודע אם הצטרפו לזה, אבל מישהו מטעמם, לא יודע, בעצם אני לא רוצה להגיד אבל אני חושב שתומר אביטל בוודאות, ואומרים ""בגלל שתחנת הכוח סמוכה לאזור מגורים שבו לרעייתו של זוהר יש נכסים, אסור לו לבטל גזרה על עשרות אם לא מאות אלפי אנשים של הקמת תחנת כח בסביבתם"" הבנתם את טענת המדרון החלקלק? כיצד פעולות של אנשים, סליחה על הביטוי, שכל מה שמעניין אותם זה לרדוף אנשי ימין ואת נבחרי הציבור, יכולה להביא לנזק לכלל אזרחי ישראל. ",התנחלויות,0.60385156
"- - ומאוד מאוד דומיננטי. בוא נאמר שכפי שהוא מגן על העובדים אני מניח שהוא מגן על הארגון ואני אז יכול להיות בטוח שהוא יודע את העבודה שלו. רק בשבילך, בשביל ההומור הישראלי, באחת השביתות הכי גדולות שעשינו, מול ביבי, אז מד""א שבתו. ידעו שלמד""א אין מה שנקרא אקדח מעשן אמיתי, כי הם לא יעזו להפקיר את האנשים ולהפקיר את התחנות ולתת לאנשים למות, ואז אמרנו, אוקיי, הם מבינים שאנחנו מגלים אחריות והם כל הזמן שומעים אותי מתרה באלי בין שלא יעז בשום פנים ואופן להפקיר עמדות חירום וכו' וכו' וכו' ואז הגה האיש הזה רעיון. הוא הביא ביפרים מפלסטיק, לא אמיתיים - - -",התנחלויות,0.54100615
"הדוגמה הזו, כמו שאמרתי, באה לומר שגם באותם מקרים שבהם באופן טיפוסי אנחנו אומרים שהם מקרים חמורים במיוחד, עדיין צריך להשאיר את המקום לבית המשפט להגיד שעל אף שהמקרה הזה נכנס באותם מקרים טיפוסיים, אני קובע שפה מוצדק משהו אחר.",התנחלויות,0.6728669
"לפני שאנחנו נתחיל את הדיון, אני רוצה להגיד רגע כמה מילים על משהו שהיה בוועדה אתמול שמאוד הרגיז אותי. אולי אני צריך לא להתרגז, כי אמרו לי שאנשי ציבור כבר לא צריכים להיות מופתעים מכל מיני השמצות ושקרים, אבל לא יודע, זה מפריע לי, כי כשאני רואה כתבה מגמתית ושקרית כנגדי בעיתון 'כלכליסט', זה מפריע לי, לא יכול להתעלם מזה. כשאומרים לי שאני סיכלתי רפורמה שבאה למנוע שחיתות בגלל לחץ פוליטי, זה פשוט הקשר הכי מוחלט שיש, וכל מי שיושב פה, יודע.",התנחלויות,0.81757647
"היה מעניין גם לשמוע על חוסר הרצון לשימוש בגגונים וכאלה, הם לא מוצאים את עצמם במקומות של מבוגרים. הם מעדיפים להיות ברחוב, או אצל חבר או חברה, או לצערי, בתמורה לכסף, אז היה מעניין לשמוע על הייחודיות של השֶלטֶר. אנחנו תיכף נדבר גם על שאר הרשויות אבל זה היה מעניין לשמוע, על כמה השֶלטֶר חשוב להם, אל""ף, כי הם לא מתחברים לגגונים של המבוגרים ובי""ת, כי בעצם סוף סוף יש להם קורת גג שלהם, ייעודית שלהם. אז זהו, משהו אופטימי. יש שם בעיה גם, יש מדריך אחד בלילה, זה מאד מאוד בעייתי. מדריך אחד, 12 חוסים שישנים. זה מאד מאוד בעייתי, אני אקח את זה לטיפול. ",התנחלויות,0.67580616
"אני רוצה לברך את כולם. אמור להיות לנו היום תרגום סימולטני, אבל אני מבין שהמתרגמים עדיין לא הגיעו ולכן נמשיך באנגלית עד שהם יגיעו ויתחילו לתרגם. ",התנחלויות,0.55405873
"בכל זאת, אני מוחה על התנהגות שלא מקובלת, בזלזול הכנסת ועבודתה, עבודת הוועדה. חברי הכנסת מגיעים, משרדי הממשלה וארגונים מגיעים ודווקא הגוף שהוזמן לדיון ואמור לתת פתרון ולענות לשאלות, שני המשרדים הרלבנטיים, בית הדין הרבני ומשרד המשפטים, דווקא שני המשרדים הרלבנטיים לדיון לא הגיעו. חצי שעה של איחור.",התנחלויות,0.5158479
"שריפה נוספת שהייתה לנו בחיפה. דליקת מזגן שהדליק ומתברר שכל מערכות כיבוי האש בבניין לא היו תקינות ולוחמי האש היו צריכים להשתמש בציוד שהיה בתוך הכבאיות ולרוץ אתו עד למעלה, במקום להשתמש במערכות שמראש התקינו אותן בבניין.",התנחלויות,0.9663871
"ברשותך, לפני שנגיע לנושא הזה אנחנו נקדיש דקה לדיווח בנושא דיון בהשתתפות מנכ""ל משרד האוצר או מי מנציגיו בנושא מיסוי טבק. יושב איתנו חבר הכנסת יהודה גליק, שגם שובת רעב כבר 22 יום, זה המקום לנצל את הזמן, יהודה, לקרוא לך להיאבק, אבל באופן שישמור על כוחותיך, כי הציבור ששלח אותך זקוק לך. ",התנחלויות,0.5831286
"ההערכות מדברות עד 2% נשאות בארץ מכלל האוכלוסייה. באוכלוסיית העולים 4%-6% נשאות מחבר המדינות. אם יש לכם דעה אחרת בדיון אתם יכולים כמובן לומר, זה מה שאספנו בוועדה.",התנחלויות,0.6104322
"ברשותכם, נציגי השר, נציגי המשרד – חשוב לי שתקשיבו. אני רואה בהצעת החוק הזו הצעת חוק חשובה מאוד-מאוד. בכוונתי לעשות הכול – כמובן, בלי להיכנס לעניינים פוליטיים, אבל בהנחה שיהיה לנו הזמן לעשות את הדיונים, בכוונתי להעביר מה יותר מהר את ההצעה הזו.",התנחלויות,0.5413603
"ההצעה הזו רוב-רובה עוסקת בסוגי ההדרכה השונים. זו ליבת החוק. אני אומר לכם את הכיוון שלי ועמדותיי כדי שנהיה – ואני לא מתכוון שהדיון הזה יהיה דיון של נאומים והרצאות. אנחנו צריכים להתמקד בתהליך עצמו, חוץ מכמה חברי כנסת שירצו לומר כמה מילים בעניין – בקצרה – אני רוצה שנעסוק בדיון עצמו. ",התנחלויות,0.6721431
"אני מחזיק את החלטת הממשלה מ-2015, החלטה 716, שהתקבלה פה אחד בממשלת ישראל. התקבלה פה אחד, להעלות את כל הקהילה על בסיס קריטריון אחד, שהם שייכים ליהודי אתיופיה, זרע ישראל מצד אימהותיהם או אבותיהם, סעיף 2 להחלטה כתוב ברור, ושהם עזבו את ביתם, את כפרם מ-1 בינואר 2010 והם נמצאים וממתינים באדיס אבבה ובגונדר. שלוש, שיש להם משפחות בדרגה ראשונה בישראל. ",התנחלויות,0.5587237
"לצורך העניין, ראוי היה שהמינהל האזרחי יעשה יום עיון בשבת חברון, להכיר את הסיפור הזה מתוך העניין. זהו. ",התנחלויות,0.53128
"אנחנו מתחייבים פה לעקוב אחרי הדברים, ללוות את הדברים, לראות באמת שהיישומים והיעדים מתמלאים. אנחנו נעזור גם בעניין וגם נפקח ואנחנו גם נהיה שותפים בכל התהליך הזה בגלל שאנחנו רואים את זה כדבר חשוב. מי שלא מסתכל על העתיד לא יכול להישאר בעבר. אנחנו יודעים שהדברים שהיו לא יכולים להיות רלוונטיים, הם כבר נמצאים, אנחנו כבר נמצאים בתהליך של השימוש היום בפרוטוקולים של היום, אנחנו מחפשים פתרונות איך לעקוף את הבעיות כי אנחנו יודעים שאנחנו צריכים ללכת למקום אחר לגמרי.",התנחלויות,0.50232506
"הקשבתי קשב רב למסיבת העיתונאים שערכתם כשהוצג על ידי החשב הכללי ושר האוצר פרסום הדוחות ושם נאמר: תראו, אפשר לראות מהדוחות האלה שההוצאה החברתית, ההוצאה האזרחית, גדלה, אבל למעשה אנחנו רואים שלמעשה בהרבה המשרדים החברתיים והאזרחיים אנחנו בכלל לא רואים את המספרים האמיתיים. זה עוד לפני שנכנסנו לנתוני גבייה, שגם שם, כמו שהצביע המבקר, יש חוסרים גדולים. אז איפה אתם עומדים בעניין זה? ",התנחלויות,0.55666554
"מצדי, כל מי שמצטרף לקריאה הזו, אני מברכת ואני חושבת שאולי עכשיו כך אנחנו מבינות עד כמה אלה שהצביעו במודע או לא במודע נגד ועדת חקירה פרלמנטרית מבינים כמה היה חשוב להעלות את ההצעה הזו ולהסכים עליה.",התנחלויות,0.65273374
" - - הודעות מסוגים שונים. ושאף אחד לא יתבלבל, זה לא אמור להפריע לי כי אני צריך שמישהו גם ייתן לי פתרונות. זה לא מספיק רק להגיד לי שכל אחד בחלק שלו, אני נמצא, וכל השאר חבורת מטומטמים ושיישרף העולם. ",התנחלויות,0.81301033
"צהריים טובים. אני מתכבדת, ברשותכם, לפתוח את דיון הוועדה בנושא קריסת רשות חסות הנוער, דיון שהיה אמור להסתיים בשבוע הקודם, אבל אני נדרשתי עוד לאיסוף נתונים ולימוד של הנושא. אני יודעת שמדובר בתחום שהוא מאוד מאוד מורכב ובתהליכים שהיו לא פשוטים בחסות הנוער, לא דברים חדשים שצצו להם בתקופה האחרונה אלא באמת איזה שהוא מכניזם של הרבה מאוד שנים שאנחנו כנראה צריכים לעצור ולהתחיל לחשב את המסלול שם מחדש. משום ריבוי החומרים אני נדרשתי לדחייה ולכן אנחנו מקיימים את זה היום ולא בשבוע שעבר. ",התנחלויות,0.54325026
"אני יודעת גם שבתוך הארגונים, הארגונים האלה, עד כמה שיש הילה סביבם ועד כמה שיש שיח שמעלה על נס את הפעילות של הארגונים, ואני מנסה באמת להיות מאוד מדויקת בדברים שאני אומרת כדי לא להיכנס לוויכוח פוליטי עכשיו, הארגונים האלה הם חלק מהחברה הישראלית באופן כללי ומה שעובר על החברה הישראלית לא ייתכן שיפסח על הארגונים האלה. או כל חברה, זה לא רק החברה הישראלית. חברה שהיא מיליטריסטית בעיניי וגברית מאוד זה יביא למצב שחלק גדול מאנשים שנמצאים בכל מערך שהוא בתוך המדינה, אבל גם בתוך ארגוני המדים, יהיו חלק מהם ויתנהגו בצורה שוביניסטית. כחלק מההתנהגויות האלה באות גם ההטרדות והפגיעות המיניות. ",התנחלויות,0.6575462
"אנחנו ממשיכים. הדיון היום הוא על מנהלות המשפחתונים המוכרים על ידי משרד העבודה, הרווחה והשירותים החברתיים בעקבות משבר הקורונה. האמת היא שבכל פעם שאני משתמשת במונח הקבוע ""מנהלות המשפחתונים"" אני מהססת להשתמש בו. הן בעצם לא מנהלות, הן מטפלות לחמישה ילדים. לתת להם תואר ""מנהלות"" זה כאילו לעשות סיפור מההעסקה שלהן והטעיה לתפקיד שהן עושות. התפקיד שלהן מאוד חשוב כמטפלות בילדים שאצלן. הן לא מנהלות אף אחד והן גם לא עצמאיות, כמו שמגדירים אותן במשרד. ",התנחלויות,0.7453031
"לפני שאתחיל את הדיון, אני רוצה לציין פה שהיום, ברחבי הארץ, מתקיימות שש הפגנות של מנהלות המשפחתונים שעדיין נאבקות על הזכויות שלהן. אני יודעת שאנחנו טיפלנו, בשבוע שעבר ועד אתמול בלילה – גם חלק מחברי הכנסת, וחבר הכנסת ינון אזולאי גם היה שותף בכל התהליך הזה – וקיבלנו הבטחות בעניין הפיצוי על התקופה שבה סגרו את המשפחתונים וקיבלנו הבטחות על הפעימה הראשונה והפעימה השנייה כהכנסה למנהלות המשפחתונים. לצערי הרב, עד היום הזה רוב מנהלות המשפחתונים לא קיבלו גרוש אחד למחייתן ולמחיית בני משפחותיהן, כשבדרך-כלל, כמעט ברוב המקרים, הן מפרנסות יחידות. לצערי הרב, הנשים האלה גם צריכות להתכונן ולפתוח את המשפחתונים שלהן ולהתחיל לדאוג גם לצרכים של הילדים שנמצאים אצלן במשפחתונים ולהוציא הוצאות על חומרי ניקיון, חיטוי וכו'. זה בלתי מתקבל על הדעת. בעיניי, בלתי מתקבל על הדעת לבקש מאנשים, שחודש וחצי לא הייתה להם אפילו הכנסה של גרוש אחד, גם לחזור לשגרה ולהתחיל לעבוד ולהוציא כסף על המפעלים שהם עושים.",התנחלויות,0.54351926
"לא נראה לי שבזמן הקצר שלפנינו אנחנו נוכל להקיף את הכול ולהתמקד בכל דבר ודבר, אני היום מבקש לשמוע נקודתית עד כמה שאפשר בכמה נושאים הבוערים מאוד, לפי ראות עיניי, איך שאני ראיתי לפי הפניות שהגיעו, וכפי שציינתי, בהמשך לפניות שדנו בהן בוועדות הקודמות, ובעזרת ה' נמשיך הלאה לקיים דיונים ספציפיים על כל נושא ונושא. ",התנחלויות,0.5637488
"אני רוצה גם לציין שככל שאני בדקתי, בכל השנים האחרונות בכל הדיונים של תשלומי ההורים, מנכ""ל משרד החינוך נכח בדיונים. אני לא נכנס לאותו אירוע של שבוע שעבר, זה לא שתיאמנו אתו את השעה, אבל הוא כמובן ידע על הדיון, ובעיניי המשרד היה אמור להראות את חשיבות הדיון בכך שיגיעו לפה נציגים של השר, גם המנכ""ל. ",התנחלויות,0.53995764
"אני מתכבד לפתוח את ישיבת הוועדה בנושא חיזוק הזהות היהודית בקהילות יהודיות בדרום אמריקה. זו ישיבה בהמשך לישיבות שעשינו על קהילות אחרות, צרפת, צפון אמריקה ועכשיו דרום אמריקה. הדיון מתקיים ביוזמתו של חבר הכנסת יוסי טייב. הדיון מתקיים, במקרה או שלא במקרה, סמוך לטיסה ממקסיקו שנחתה ביום שלישי 11.8, בשבוע שעבר, ועליה היו 50 עולים חדשים וכ-150 מבני תנועות הנוער הציוני שהגיעו לישראל בתוכנית 'מסע' של ממשלת ישראל והסוכנות היהודית. ",התנחלויות,0.50187826
"אני באמת מאמינה שכל זמן שזנות הייתה דבר שהוא מותר ולגיטימי, ונחשב מקצוע, או נחשב משהו שאפשר לצרוך אותו, זה הפך כל אישה ואישה לפוטנציה לאישה בזנות, לא משנה אם התמורה היא כסף או קידום, או כל מיני דברים אחרים שאפשר כביכול להציע תמורת שימוש מיני בגופה של אישה, או בגופו של אדם בכלל. ולכן, חשיבותו של החוק הוא כל כך גדול. ",התנחלויות,0.6674819
"גם יוצג לנו תיכף דוח שעשתה מחלקת המחקר של הכנסת, לפיו התקבלו מאות פניות במשרד בנושא זיהום אוויר מארובות בתים פרטיים. מרבית התלונות שהתקבלו היו בנושא קמינים המוסקים באמצעות עץ. לפי נתוני משרד הבריאות יש עלייה בשימוש בקמינים כאלה, אולי בגלל המחיר הנמוך של עץ יחסית לחומרי בעירה אחרים.",התנחלויות,0.56745183
"הא בהא תליה, הנושאים שזורים האחד בשני. יהיה דיון אחד משולב. נשמע סקירה של רשות התחרות. ",התנחלויות,0.5347839
"לפי הנתונים שאני רואה מולי, מדי שנה נפגעים יותר מ-500 ילדים בקרבת מוסדות חינוך בתאונות דרכים, בין אם זה הולכי רגל, נוסעים באופניים, נוסעים עם ההורים ברכב ובאוטובוס, זה הנתון שיש לי, אנחנו תיכף כמובן נשמע התייחסויות.",התנחלויות,0.646766
"לא אובייקטיבי בכלל ואני אומר את זה גם לפרוטוקול, אבל אני מנסה ואני חותר לקדם פה שוויון ואני מאמין בזה. התכלית של סעיף החוק הזה נועדה לקדם שוויון. המטרה של החוק, שכאשר חלק מן הציבור לא יצרוך מוצר או שירות בשל מצווה דתית, בשל הלכה, ואנחנו מונעים ממנו לצרוך את המוצר או השירות הזה, הרי שאנחנו מפלים. ",התנחלויות,0.63353574
"כל חיי אדם שנצליח להציל יהווה הישג אדיר, ועלינו, נבחרי הציבור, מוטלת האחריות לטיפול בנושא. אני מתייחסת ביראת קודש לתפקידי כחברה בוועדה זו, ואני משוכנעת שלטובת הצלת חיים ניתן להניח את המחלוקות הפוליטיות בצד ולשלב ידיים למען חוסנם הנפשי של כלל ילדים ובני נוער במדינת ישראל. ",התנחלויות,0.9695418
"אני אגיד באנגלית, למי שלא הבין אותי. יש לנו תרגום סימולטני. הדוברים ידברו, אתם יכולים לדבר בכל שפה שאתם רוצים, עברית, אנגלית, יש תרגום סימולטני לכל מי שלא מבין את השפה. אני מניחה שרוב האנשים כאן מעדיפים לדבר אנגלית וזה בסדר, אז תרגישו חופשי לדבר באנגלית. ",התנחלויות,0.5551804
"נכון ש-BDI היא רק חברה אחת מבין כל חברות האשראי שאוספות, אבל אני מאוד ארצה לקבל איזו שהיא תשובה שבסוף נדע וגם הציבור יידע את שכאשר הוא דוחה הלוואה, מה זה עושה לנתוני האשראי שלו. כשהוא לא דוחה הלוואה, מה זה עושה לו.",התנחלויות,0.58654374
"מה שבעצם ניסינו לעשות, אני מבין שזה לא תמיד קורה בוועדות אחרות, למרות שבעיניי זה יכול להפוך להיות איזה שהוא נוהל, זה לנתח מול המשרדים מה הם עשו ומה הם לא עשו, וגם להסתכל עלינו בפילוחים מסוימים ולראות באיזה נושאים התעסקנו ובאיזה נושאים לא התעסקנו. ",התנחלויות,0.64285123
"אנחנו מקדמים בברכה את פרופ' נחמן אש מנכ""ל משרד הבריאות, וזאת גם ההזדמנות להודות לו על פועלו בקורונה. יש כאלה שבאו למשימה של הקורונה, ראו את האתגר, עשו מילואים והלכו. אתה לא רק ראית את האתגר של הקורונה, נכנסת עמוק לשירות הציבורי ולתפקיד ממשלתי עם משימות כפולות ומכופלות ואנחנו מודים לך על פועלך בקורונה ועל האתגרים שאתה ניצב בפניהם במשרד הבריאות.",התנחלויות,0.589167
"במקביל למה שקורה במוקד 105 וברשתות, הסיבה שכינסתי את הדיון הזה היא בשל המעורבות שלי בכל הקשור במבצע שומר חומות ובערים מעורבות. נדון גם על זה כאן. למה אני מוסיפה את זה לדיון? כי חלק מן הבעיה האמיתית שנתקלנו בה בשומר חומות היא האלימות שהייתה בתוך הרשת, אלימות לאומנית, שהוציאה הרבה צעירים לרחובות. ",התנחלויות,0.66278434
"אני שמח לשמוע על כך, ואני אומר עוד פעם: אני בטוח שנוכל בכוחות משותפים, עם הרבה יוזמה של הממשלה, שלך, בתחום הזה, לתת מענה מהיר לאיומים שמתרגשים עלינו בתחום הגנת הפרטיות.",התנחלויות,0.52818733
"שלום לכולם, אנחנו מתחילים דיון בנושא דרמטי שמשפיע על חייהם של מיליונים בישראל, והוא ההיערכות של המדינה להתמודדות עם החשש לקריסת מבנים ישנים. הנושא הזה קיבל חשיפה ציבורית גבוהה בשל משברים, כמו בכל דבר, וקריסת הבניינים בחולון וברמת גן. זה הביא לסדר-היום הציבורי את הנושא הזה, וגם הציף בקרב רבים מהאזרחים חשש שהם עצמם גרים בבניין שהוא בסכנת קריסה.",התנחלויות,0.59924585
"בוקר טוב כולם. משה שגיא, בוקר טוב. אגב, אתמול נשאלו כאן שתי שאלות שהתשובות שלהן לא היו נכונות. השאלה הראשונה הייתה האם שונו הקריטריונים בסעיף בו דובר על זהות יהודית ועל רבני קהילות. מנתונים שנמסרו לי מיד לאחר מכן – וכמו שראיתם, במשרד הזה נשארו כמה אנשים שאני יכול לדבר איתם ולדעת מה קורה - שונו קריטריונים. רבני קהילות, הוסיפו בקריטריון יוצאי צבא. זה בא כדי להדיר את המגזר החרדי שהיה בתקנה הזאת.",התנחלויות,0.6003787
"ניר אורבך, ידידי היקר, זה לידיעתך. זה להדיר את הציבור החרדי בעניין הזה וקח את זה בחשבון. תבדוק את זה כי זה חשוב מאוד.",התנחלויות,0.6297391
"אנחנו סיימנו עכשיו סיור בתחום הקפאת ביציות ושימור פוריות, אחד הנושאים שמונחים לפתחה של ועדת הבריאות של הכנסת, הן מבחינת הטיפול והצלחותיו והשלכותיו, גם לאור מה שנכנס עכשיו לסל בוועדת הסל האחרונה. יש לנו דיון על זה מחר בבוקר, על ועדת הסל בכלל ועל עבודתה בוועדת הבריאות, וכן גם לגבי אופן התקצוב של קופות החולים את ההליך הזה, הקפאת ביציות, עוברים, שימור פוריות, שאנחנו נלחמים לקדם את הנושא הזה ולהכניס אותו באופן שווה, קודם כל בכל קופות החולים, מה שחלקם עשו וחלקם עדיין לא, וגם ללמוד על החסמים הנוספים ועל ההליך.",התנחלויות,0.564364
"מה שהיינו רוצים לשמוע, תיכף נשמע סקירה ראשונה, אני חושב שמטרת הישיבה הזו היא קודם כל היכרות, אנשים נפגשו פה ועדיין לא מכירים, אבל מעבר להיכרות של לזהות בשם ובפנים, למועצה יש מטרות ואני חושב שהיא צריכה לתרגם את המטרות האלה גם לשפת המציאות, מה זה אומר להיות מועצת הקרן למען אזרחי ישראל, מה היעדים שמציבה לעצמה המועצה לשנים הקרובות, איפה היא מול מדיניות ההשקעות של הקרן, מה שייך לוועדת ההשקעות, מה שייך למועצה. באיזה מקרים היא חושבת לנכון שהיא צריכה להתערב, למה בעצם קיימת המועצה. אני חושב שזה דבר שכדאי שנברר.",התנחלויות,0.7972384
"הדברים הללו בעיניי חמורים מאוד. אני שמח שהפרקליטות, שלא כמנהגה, הגיבה עליהם, מכיוון שיש קווים אדומים, גם בשיח הציבורי הפוליטי, שכאשר חוצים אותם ראוי שתינתן תגובה. אני מקווה שגורמים נוספים ישמיעו את קולם לנוכח הציוץ הבזוי הזה. וכפי שאמרתי, אנחנו לא נהסס להגיב לדברים האלה.",התנחלויות,0.60167193
"צהריים טובים. אני מתכבדת לפתוח את דיון הוועדה לפניות הציבור בנושא מדיניות גופי שידור בתחום ניתוקים ובסיום התקשרויות. זאת ישיבת מעקב. אנחנו מקפידים פה גם הנהלת הוועדה וגם אני לקיים ישיבות מעקב ולראות שנושאים אכן מטופלים ומתקדמים. פעמים רבות הנושאים הם כבדים ומצריכים אחר כך הרבה מאוד עבודה מאחורי הקלעים גם פה בכנסת וגם של משרדי הממשלה, גם בין משרדי הממשלה וגם של גופים נוספים. אנחנו נקפיד על ישיבות המעקב כדי לראות שהדברים מתקדמים עד פתרון. ",התנחלויות,0.63061655
